week_ending,acute_providers,total_providers,total_waiting_list,within_18w,18_to_26w,26_to_40w,40_to_52w,52_to_65w,65_to_78w,78_to_104w,over_104w,unknown_clock_start,pct_within_18w,pct_over_52w,first_attend_within_18w,first_attend_total,pct_first_attend_within_18w,new_rtt_acute,new_rtt_total_providers,new_rtt_total,completed_acute,completed_total_providers,completed_total,admitted_rtt,non_admitted_rtt,month,month_name,year,days_since_start
2021-09-19,136.0,333.0,5370227,3487589,701301,585740,293604,127904,36758,111994,11579,13758,0.6510985128449357,0.05381063532711568,,,-,131.0,255.0,361493.0,111.0,229.0,235136.0,51923.0,183213.0,9,Sep,2021,0
2021-09-26,138.0,361.0,5540982,3578280,735212,610901,301995,135307,38199,112963,14499,13626,0.647376430973507,0.05445062702673756,,,-,133.0,277.0,371951.0,111.0,230.0,232637.0,51033.0,181604.0,9,Sep,2021,7
2021-10-03,135.0,360.0,5593220,3601680,769923,613305,291848,139574,39778,107573,13552,15987,0.6457825950610275,0.05387564048337231,,,-,132.0,274.0,364078.0,110.0,228.0,235199.0,52026.0,183173.0,10,Oct,2021,14
2021-10-10,134.0,353.0,5453547,3549616,739286,603761,261875,137359,40662,96811,13209,10968,0.6521937485886746,0.052923623157330374,,,-,131.0,268.0,359996.0,108.0,225.0,242666.0,54704.0,187962.0,10,Oct,2021,21
2021-10-17,136.0,330.0,5588639,3614395,763427,627137,264890,146412,45255,96505,14524,16094,0.6486075931194814,0.05431916655675279,,,-,129.0,274.0,361288.0,110.0,230.0,239992.0,52691.0,187301.0,10,Oct,2021,28
2021-10-24,132.0,335.0,5309240,3430170,728122,607756,244920,139872,45289,86564,14664,11883,0.6475247939680109,0.054062620284039756,,,-,129.0,269.0,352035.0,107.0,215.0,225942.0,49538.0,176404.0,10,Oct,2021,35
2021-10-31,136.0,354.0,5579362,3586371,767346,661048,255679,148023,50210,84199,15991,10495,0.6440037084742731,0.053587740558357744,,,-,131.0,271.0,324805.0,108.0,220.0,199732.0,44592.0,155140.0,10,Oct,2021,42
2021-11-07,134.0,352.0,5516443,3533463,769764,657063,249885,148067,52684,78992,16146,10379,0.6417402703637298,0.053738750584809765,,,-,130.0,275.0,398389.0,108.0,202.0,235517.0,52041.0,183476.0,11,Nov,2021,49
2021-11-14,135.0,351.0,5649161,3602483,788208,688373,254640,152924,56463,77643,17200,11227,0.6389721837822152,0.05396125602037909,,,-,131.0,273.0,398799.0,110.0,209.0,238395.0,53016.0,185379.0,11,Nov,2021,56
2021-11-21,136.0,329.0,5677412,3598109,784706,711244,255753,155903,59832,74801,20223,16841,0.6356441779460058,0.05489887857603058,,,-,133.0,276.0,388966.0,110.0,206.0,238521.0,52261.0,186260.0,11,Nov,2021,63
2021-11-28,135.0,341.0,5600911,3553747,764278,715252,247487,154060,60856,68110,20454,16667,0.6363882022347161,0.05434576282841509,,,-,131.0,273.0,376071.0,109.0,214.0,239390.0,55417.0,183973.0,11,Nov,2021,70
2021-12-05,136.0,370.0,5686885,3598251,784693,723743,251547,159972,63235,66662,21593,17189,0.6346461961981736,0.054934515007506575,,,-,133.0,270.0,352907.0,112.0,246.0,232565.0,52379.0,180186.0,12,Dec,2021,77
2021-12-12,134.0,346.0,5678862,3585179,777472,732219,256925,161283,66071,62920,22406,14387,0.6329234395067505,0.055200173008089895,,,-,132.0,272.0,353073.0,110.0,244.0,238848.0,55507.0,183341.0,12,Dec,2021,84
2021-12-19,138.0,375.0,5795804,3660245,786689,753338,264061,162824,69168,60450,23110,15919,0.6332729803447646,0.05459485785616842,,,-,132.0,259.0,347869.0,115.0,234.0,236155.0,53954.0,182201.0,12,Dec,2021,91
2021-12-26,127.0,315.0,5402078,3390071,732151,717651,259693,151169,68284,56073,19191,7795,0.6284562749117909,0.054635064567431856,,,-,124.0,241.0,289390.0,109.0,227.0,177753.0,39736.0,138017.0,12,Dec,2021,98
2022-01-02,133.0,343.0,5549749,3451962,760382,755327,281094,146062,71617,56008,20287,7010,0.6227899238986356,0.053037676859761934,,,-,130.0,265.0,149186.0,112.0,214.0,79317.0,16098.0,63219.0,1,Jan,2022,105
2022-01-09,135.0,344.0,5773932,3552992,772497,822984,300100,155647,79638,58722,22310,9042,0.6163156625711852,0.05486956385984815,,,-,131.0,272.0,265507.0,115.0,258.0,170681.0,34616.0,136065.0,1,Jan,2022,112
2022-01-16,137.0,416.0,5851299,3608251,776897,842027,299201,153769,81760,56600,22990,9804,0.6176930734341123,0.05394492334582157,,,-,134.0,280.0,377068.0,117.0,313.0,239668.0,50137.0,189531.0,1,Jan,2022,119
2022-01-23,136.0,420.0,5704610,3527244,759677,810437,296259,146649,80689,51969,22764,8922,0.6192832191650948,0.05303503281780884,,,-,134.0,275.0,388904.0,114.0,317.0,240411.0,51018.0,189393.0,1,Jan,2022,126
2022-01-30,137.0,435.0,5900584,3607661,794171,848871,319854,153532,86709,56279,24444,9063,0.6123479828044405,0.05447897071061955,,,-,135.0,299.0,391184.0,118.0,336.0,246216.0,55264.0,190952.0,1,Jan,2022,133
2022-02-06,135.0,434.0,5831508,3564029,789820,831607,322764,149185,85578,52905,25519,10101,0.6122281091152019,0.05379919321909635,,,-,130.0,291.0,379022.0,115.0,336.0,239925.0,52756.0,187169.0,2,Feb,2022,140
2022-02-13,137.0,444.0,5838591,3577805,792103,829312,322912,147652,85498,49978,23559,9772,0.6138130211282937,0.052615632772264845,,,-,133.0,315.0,390824.0,117.0,339.0,239690.0,54270.0,185420.0,2,Feb,2022,147
2022-02-20,135.0,455.0,5788051,3544766,794570,813360,327566,142974,84618,47749,22597,9851,0.6134723616351113,0.05156242428437922,,,-,134.0,316.0,371230.0,118.0,352.0,221652.0,51679.0,169973.0,2,Feb,2022,154
2022-02-27,137.0,425.0,5847489,3594201,811715,806720,334244,142338,83662,44631,22448,7530,0.615449697506438,0.050185112600961757,,,-,135.0,286.0,377847.0,121.0,313.0,227223.0,52022.0,175201.0,2,Feb,2022,161
2022-03-06,136.0,430.0,5905824,3633293,829673,794316,340519,146412,86235,44363,21640,9373,0.616183022635141,0.05064911079562944,,,-,131.0,306.0,381397.0,118.0,354.0,235280.0,53165.0,182115.0,3,Mar,2022,168
2022-03-13,135.0,399.0,5880973,3627328,823169,794861,334388,146187,84570,43125,20566,6779,0.6175022479679766,0.05012568532806373,,,-,130.0,258.0,386518.0,118.0,317.0,229301.0,52251.0,177050.0,3,Mar,2022,175
2022-03-20,135.0,397.0,5830521,3607075,820610,783911,330040,142336,79965,41278,17924,7382,0.6194382445619107,0.04834213986648782,,,-,130.0,258.0,368547.0,118.0,325.0,221267.0,49882.0,171385.0,3,Mar,2022,182
2022-03-27,138.0,466.0,6069509,3720036,863144,823082,351910,157405,84435,45256,17416,6825,0.6135955626253983,0.050227259081951164,,,-,133.0,280.0,362094.0,120.0,357.0,223151.0,51816.0,171335.0,3,Mar,2022,189
2022-04-03,135.0,453.0,6124711,3745331,866675,832839,367125,163568,79804,46329,15511,7529,0.6122641111544499,0.04989421599684299,,,-,132.0,291.0,371901.0,119.0,355.0,223765.0,49824.0,173941.0,4,Apr,2022,196
2022-04-10,136.0,416.0,6163012,3766652,868564,841218,376756,162102,77502,47078,14565,8575,0.6120221882196536,0.04894793788611371,,,-,134.0,294.0,367018.0,122.0,303.0,227735.0,46308.0,181427.0,4,Apr,2022,203
2022-04-17,136.0,483.0,6223739,3769265,883466,861405,389965,170053,78624,49847,14300,6814,0.6062908913972743,0.05031812350961287,,,-,132.0,312.0,284882.0,122.0,353.0,179741.0,39195.0,140546.0,4,Apr,2022,210
2022-04-24,136.0,454.0,6283574,3786379,890820,879681,397694,178370,78637,51252,13450,7291,0.6032836632764966,0.05125788623616877,,,-,132.0,293.0,295510.0,119.0,345.0,189446.0,42073.0,147373.0,4,Apr,2022,217
2022-05-01,136.0,453.0,6336327,3836581,881292,884354,398542,186045,78192,51630,12338,7353,0.6061931997192594,0.0518575364664162,,,-,134.0,295.0,393502.0,121.0,356.0,247395.0,52876.0,194519.0,5,May,2022,224
2022-05-08,133.0,451.0,6183893,3809346,784319,869433,391126,182260,76076,50908,11588,8837,0.6168925431607422,0.05195612800920348,,,-,132.0,261.0,298073.0,120.0,349.0,203360.0,44639.0,158721.0,5,May,2022,231
2022-05-15,133.0,453.0,6287132,3898994,755018,893648,399867,192331,77760,53133,11193,5188,0.6206667872238275,0.05323463564781857,,,-,131.0,288.0,384042.0,120.0,353.0,254050.0,53568.0,200482.0,5,May,2022,238
2022-05-22,133.0,432.0,6214369,3878673,737331,878242,385937,191802,75086,52327,9610,5361,0.6246848127752452,0.05295934551864002,,,-,130.0,292.0,380523.0,119.0,295.0,243119.0,50248.0,192871.0,5,May,2022,245
2022-05-29,133.0,478.0,6296321,3934921,747735,888082,386399,198203,75069,52245,8417,5250,0.6254771246422112,0.05308062808383501,,,-,129.0,307.0,383881.0,120.0,359.0,250783.0,55785.0,194998.0,5,May,2022,252
2022-06-05,133.0,480.0,6329778,3909273,773124,912392,397658,196963,76102,51745,7366,5155,0.6181037193837482,0.052521075169223524,,,-,130.0,308.0,227562.0,120.0,380.0,141920.0,33634.0,108286.0,6,Jun,2022,259
2022-06-12,134.0,452.0,6244643,3851561,770088,908126,379715,195875,76944,50904,6352,5078,0.6172803713079358,0.052900322378242715,,,-,131.0,282.0,364249.0,117.0,353.0,247549.0,55959.0,191590.0,6,Jun,2022,266
2022-06-19,133.0,414.0,6227740,3808753,781719,908996,381449,201609,81125,53163,5778,5148,0.6120846425412433,0.05490879042045501,,,-,131.0,272.0,360896.0,118.0,326.0,251427.0,55961.0,195466.0,6,Jun,2022,273
2022-06-26,134.0,463.0,6486075,3959581,834485,932289,396676,213409,88164,52883,4902,3686,0.6108212574098839,0.05543604371783304,,,-,129.0,305.0,353773.0,117.0,374.0,242263.0,58276.0,183987.0,6,Jun,2022,280
2022-07-03,135.0,490.0,6635295,4042376,910913,899269,408019,223212,91752,50804,3868,5082,0.6096902165888185,0.05575024512787146,,,-,130.0,304.0,362216.0,119.0,388.0,244776.0,56571.0,188205.0,7,Jul,2022,287
2022-07-10,132.0,414.0,6479117,3925266,927990,854421,398100,223693,90358,49983,3811,5495,0.6063477292928132,0.05682213141267748,,,-,131.0,308.0,347783.0,116.0,348.0,224089.0,48514.0,175575.0,7,Jul,2022,294
2022-07-17,133.0,488.0,6493378,3919227,943457,851852,400474,226464,93138,50062,3497,5207,0.6040572913383448,0.05751405134050875,,,-,130.0,301.0,332217.0,116.0,387.0,226439.0,50270.0,176169.0,7,Jul,2022,301
2022-07-24,131.0,423.0,6226547,3750457,912069,816202,384349,217013,91966,47891,3138,3462,0.6026684514191916,0.05785040699267325,,,-,131.0,268.0,317430.0,118.0,361.0,221889.0,48734.0,173155.0,7,Jul,2022,308
2022-07-31,133.0,453.0,6423699,3851911,943685,846677,401135,223761,98579,48730,3067,6154,0.6002156587916407,0.05829908477462955,,,-,131.0,279.0,337202.0,120.0,361.0,234125.0,51482.0,182643.0,7,Jul,2022,315
2022-08-07,132.0,447.0,6480439,3873114,950570,866714,404584,228359,100154,48901,2879,5164,0.598138920740818,0.05873001532753435,,,-,130.0,271.0,328083.0,118.0,362.0,230510.0,50854.0,179656.0,8,Aug,2022,322
2022-08-14,131.0,482.0,6638130,3953667,977847,899642,416091,231273,103617,47760,2817,5416,0.5960858556542616,0.05811602912472933,,,-,129.0,304.0,326775.0,119.0,391.0,234948.0,54761.0,180187.0,8,Aug,2022,329
2022-08-21,133.0,454.0,6661538,3972941,957527,908339,424493,233351,108330,48537,2883,5137,0.5968602252178016,0.05905608751636207,,,-,132.0,292.0,333868.0,118.0,389.0,235153.0,54668.0,180485.0,8,Aug,2022,336
2022-08-28,135.0,406.0,6731797,4032621,942987,920804,434548,232231,111392,48429,2684,6101,0.5995841917327218,0.0586907288108175,,,-,132.0,277.0,316082.0,119.0,352.0,228372.0,51834.0,176538.0,8,Aug,2022,343
2022-09-04,133.0,347.0,6444203,3823072,919020,897592,423703,219922,105351,47823,2562,5158,0.5937327662720171,0.05834063902333343,,,-,132.0,271.0,256585.0,119.0,304.0,186111.0,42438.0,143673.0,9,Sep,2022,350
2022-09-11,134.0,443.0,6800160,4029903,939709,964159,457128,234500,112935,50383,2572,8871,0.5933929479366877,0.05895640724463353,,,-,130.0,304.0,329816.0,132.0,390.0,281734.0,67768.0,213966.0,9,Sep,2022,357
2022-09-18,135.0,416.0,6792354,3992288,953215,974611,459158,235677,114455,51509,2940,8501,0.5884986010162662,0.059638821772818484,,,-,133.0,311.0,330774.0,132.0,399.0,279885.0,66155.0,213730.0,9,Sep,2022,364
2022-09-25,134.0,484.0,6611947,3884920,941734,952689,441571,225581,108754,48628,2766,5304,0.5880323789252726,0.05838502246905122,,,-,132.0,310.0,278090.0,131.0,402.0,241287.0,57988.0,183299.0,9,Sep,2022,371
2022-10-02,134.0,489.0,6794269,3946187,980412,999416,455603,238734,117778,49630,2604,3905,0.5811451344876357,0.06019500574637825,,,-,132.0,314.0,339653.0,130.0,401.0,282727.0,67023.0,215704.0,10,Oct,2022,378
2022-10-09,133.0,488.0,6814589,4009599,926232,1041191,424918,237098,119069,48149,2260,6073,0.5889093893588558,0.05971580297380516,,,-,133.0,312.0,347737.0,130.0,406.0,293610.0,69783.0,223827.0,10,Oct,2022,385
2022-10-16,133.0,462.0,6605786,3904484,917374,1000235,391768,226748,112516,44355,2080,6226,0.5916279267102655,0.05844313863348466,,,-,132.0,319.0,345358.0,129.0,404.0,294134.0,69001.0,225133.0,10,Oct,2022,392
2022-10-23,135.0,464.0,6942195,4071318,994595,1039672,415348,243297,120952,48890,2037,6086,0.5869743396477766,0.0598571908255767,,,-,133.0,317.0,344006.0,130.0,405.0,293148.0,68701.0,224447.0,10,Oct,2022,399
2022-10-30,134.0,487.0,6923849,4041100,992625,1045598,420421,243743,120690,50434,2387,6851,0.5842274350809412,0.060322989828824586,,,-,133.0,308.0,324207.0,132.0,401.0,260737.0,61234.0,199503.0,10,Oct,2022,406
2022-11-06,134.0,496.0,6939117,4040471,1014888,1035884,421629,244744,120389,50058,1757,9297,0.5830556926442534,0.060167219350574765,,,-,132.0,315.0,352541.0,130.0,407.0,303330.0,71904.0,231426.0,11,Nov,2022,413
2022-11-13,134.0,494.0,6744368,3963980,975079,1005003,403818,232294,110719,45347,1674,6454,0.5883096756651984,0.057886461596274454,,,-,132.0,322.0,355077.0,131.0,406.0,308494.0,72378.0,236116.0,11,Nov,2022,420
2022-11-20,133.0,469.0,6743805,3967567,960674,1013003,407605,234175,108717,45452,1549,5063,0.5887696843119977,0.05785842520755358,,,-,133.0,314.0,353403.0,130.0,387.0,303475.0,69079.0,234396.0,11,Nov,2022,427
2022-11-27,134.0,497.0,6768862,3994392,947491,1024117,410478,234771,106150,45651,1424,4388,0.5904955802919784,0.05735789656372395,,,-,133.0,316.0,343089.0,130.0,408.0,304139.0,70354.0,233785.0,11,Nov,2022,434
2022-12-04,134.0,496.0,6775197,3993055,980108,994395,414863,237614,103553,44776,1253,5580,0.5898494700660318,0.05719614566082542,,,-,132.0,309.0,328932.0,131.0,412.0,296489.0,68445.0,228044.0,12,Dec,2022,441
2022-12-11,134.0,451.0,6719264,3944245,969960,995521,419979,236716,101488,44911,1237,5207,0.5874607558440448,0.057245864907015234,,,-,133.0,314.0,324101.0,129.0,371.0,295063.0,67415.0,227648.0,12,Dec,2022,448
2022-12-18,135.0,492.0,6961506,4044868,1000111,1045554,450725,253169,108661,50555,1226,6637,0.5815879493920015,0.059470710375709446,,,-,135.0,323.0,312975.0,132.0,413.0,287321.0,66315.0,221006.0,12,Dec,2022,455
2022-12-25,132.0,474.0,6869777,3965410,985539,1044243,460867,250050,108329,52197,1394,1748,0.5773723436520143,0.05998373041232062,,,-,134.0,302.0,291769.0,130.0,403.0,239220.0,50687.0,188533.0,12,Dec,2022,462
2023-01-01,134.0,463.0,6952881,3939702,1010834,1089654,498468,242592,110982,55148,1376,4125,0.5669650797926996,0.05901747017739578,,,-,132.0,292.0,143144.0,130.0,364.0,107396.0,22991.0,84405.0,1,Jan,2023,469
2023-01-08,135.0,481.0,6953710,3930438,983878,1108159,517190,238673,112319,56040,1231,5782,0.5656992991291793,0.05876039590508134,,,-,135.0,308.0,260233.0,131.0,396.0,228530.0,50632.0,177898.0,1,Jan,2023,476
2023-01-15,135.0,492.0,7021175,3970460,987904,1118152,528423,242049,112776,55274,1215,4922,0.5658946449051937,0.05862302855954596,,,-,135.0,321.0,357539.0,133.0,409.0,307456.0,67663.0,239793.0,1,Jan,2023,483
2023-01-22,136.0,490.0,7080650,4013406,1002628,1139212,521299,239564,108260,51895,1324,3062,0.5670584385527951,0.056663795632071266,,,-,135.0,324.0,365910.0,133.0,418.0,313682.0,70853.0,242829.0,1,Jan,2023,490
2023-01-29,135.0,494.0,6987166,3981270,960956,1134329,503097,237226,102596,47924,1246,18522,0.5713120084768285,0.05582032889038384,,,-,134.0,322.0,362679.0,133.0,414.0,315336.0,70453.0,244883.0,1,Jan,2023,497
2023-02-05,137.0,504.0,7146134,4088305,991670,1151793,511427,240534,99313,43775,1208,18109,0.5735536842252938,0.0539883067189018,,,-,134.0,316.0,365881.0,133.0,389.0,326138.0,73816.0,252322.0,2,Feb,2023,504
2023-02-12,137.0,494.0,7068098,4035903,991215,1145753,498901,241102,97390,39710,1212,16912,0.5723722222048887,0.053808536606465916,,,-,135.0,327.0,365640.0,134.0,415.0,316896.0,67428.0,249468.0,2,Feb,2023,511
2023-02-19,137.0,470.0,7112761,4070966,1008999,1141553,508668,242659,97183,36323,1215,5195,0.5727651350687423,0.053095532282078,,,-,135.0,323.0,349451.0,135.0,419.0,298976.0,70399.0,228577.0,2,Feb,2023,518
2023-02-26,137.0,502.0,7125337,4076459,1021368,1132242,515644,243455,96431,32560,1144,6034,0.5725924293431534,0.05247564262962259,,,-,136.0,320.0,359206.0,135.0,418.0,311889.0,70176.0,241713.0,2,Feb,2023,525
2023-03-05,137.0,506.0,7159431,4114173,1037514,1098497,520575,245547,95239,27349,1016,19521,0.5762219691844855,0.051702472440128794,,,-,136.0,319.0,373972.0,135.0,423.0,318904.0,73089.0,245815.0,3,Mar,2023,532
2023-03-12,137.0,504.0,7152602,4108633,1047133,1113907,499289,248655,94411,23226,952,16396,0.5757447304632182,0.05146207942988193,,,-,135.0,320.0,364631.0,135.0,421.0,311321.0,70160.0,241161.0,3,Mar,2023,539
2023-03-19,136.0,498.0,7169045,4114126,1056276,1114342,500275,253637,94991,19870,850,14678,0.5750510142965828,0.05162553165080852,,,-,134.0,322.0,355715.0,134.0,423.0,269055.0,57618.0,211437.0,3,Mar,2023,546
2023-03-26,136.0,469.0,7192358,4125260,1084925,1095936,506587,258288,92774,15160,668,12760,0.5745809166474223,0.05110174692232072,,,-,132.0,315.0,360654.0,133.0,408.0,305305.0,68570.0,236735.0,3,Mar,2023,553
2023-04-02,133.0,426.0,7039432,4038001,1060165,1076088,500292,262241,84230,10508,463,7444,0.5742332040384597,0.05083086034845338,3004493.0,4801829.0,0.6256976248008832,132.0,320.0,359077.0,130.0,393.0,290072.0,65740.0,224332.0,4,Apr,2023,560
2023-04-09,135.0,464.0,7234502,4130467,1091397,1112057,522275,278932,84026,11609,511,3228,0.5711949236054393,0.05186886847324552,3053186.0,4885932.0,0.6248932649901799,134.0,300.0,300553.0,132.0,413.0,244284.0,57172.0,187112.0,4,Apr,2023,567
2023-04-16,135.0,463.0,7298099,4131090,1090951,1126259,538779,281220,86582,12980,549,29689,0.568362269051966,0.05246415653492304,3070611.0,4926832.0,0.6232424811724857,134.0,301.0,279909.0,133.0,417.0,196209.0,41784.0,154425.0,4,Apr,2023,574
2023-04-23,132.0,459.0,7106535,4046068,1040653,1107161,536533,270938,84899,12716,690,6877,0.5698961837316671,0.05200856153916147,2986910.0,4773830.0,0.6256841990602933,131.0,299.0,365322.0,131.0,418.0,314590.0,71398.0,243192.0,4,Apr,2023,581
2023-04-30,134.0,453.0,7206270,4117643,1029812,1114771,540425,276701,85772,11466,541,29139,0.5737171301457366,0.05217683779214842,3035531.0,4825575.0,0.629050631271921,133.0,293.0,363942.0,132.0,409.0,323402.0,69380.0,254022.0,4,Apr,2023,588
2023-05-07,135.0,463.0,7286903,4245845,959741,1140320,554096,277972,89224,12583,2324,4798,0.5830518785433607,0.05247150377535067,3120503.0,4897970.0,0.6371012889013203,134.0,324.0,296381.0,134.0,418.0,267955.0,61527.0,206428.0,5,May,2023,595
2023-05-14,136.0,502.0,7352419,4311414,927139,1163285,557243,283889,89091,13279,644,6435,0.5869076219060646,0.052668641804828324,3166548.0,4940711.0,0.6409093751891175,135.0,304.0,308832.0,134.0,424.0,273470.0,60402.0,213068.0,5,May,2023,602
2023-05-21,136.0,498.0,7355835,4321021,924027,1167191,550054,286591,87630,12806,534,5981,0.5879056917321078,0.05273043518959696,3180621.0,4954859.0,0.6419195783371434,134.0,326.0,380322.0,134.0,421.0,333389.0,73931.0,259458.0,5,May,2023,609
2023-05-28,136.0,503.0,7372440,4332730,927982,1173319,544530,290349,86535,12000,454,4541,0.5880550208410837,0.052842472460602405,3194834.0,4978763.0,0.6416923239768593,135.0,322.0,373861.0,134.0,427.0,325005.0,70095.0,254910.0,5,May,2023,616
2023-06-04,136.0,478.0,7419685,4329862,948901,1189619,560614,282913,90091,11893,565,5227,0.5839755245764424,0.05198788637011633,3211613.0,5040600.0,0.6371489505217632,135.0,305.0,288879.0,134.0,416.0,242917.0,57481.0,185436.0,6,Jun,2023,623
2023-06-11,136.0,498.0,7358023,4282175,955984,1189640,540633,280928,90273,11692,449,6249,0.5824682586815101,0.05214278893774482,3152284.0,4945665.0,0.6373832437093899,134.0,321.0,373609.0,134.0,418.0,328182.0,73145.0,255037.0,6,Jun,2023,630
2023-06-18,136.0,491.0,7418218,4313394,980794,1188643,540509,285227,92246,11033,413,5959,0.5819270481509078,0.05246969918347429,3166976.0,4969458.0,0.6372880100807774,132.0,321.0,361879.0,134.0,426.0,304468.0,65342.0,239126.0,6,Jun,2023,637
2023-06-25,135.0,503.0,7384520,4289051,993728,1169701,536760,285822,92988,9792,388,6290,0.5813116424942025,0.05272131663014029,3133426.0,4927397.0,0.6359191272795758,136.0,325.0,364555.0,133.0,428.0,322868.0,71963.0,250905.0,6,Jun,2023,644
2023-07-02,133.0,476.0,7385792,4292477,1058640,1114624,524250,288464,93448,7212,317,6360,0.5816812188255139,0.05277384492465003,3144173.0,4943304.0,0.636046862584215,134.0,327.0,357716.0,132.0,420.0,303664.0,67984.0,235680.0,7,Jul,2023,651
2023-07-09,134.0,503.0,7467193,4332054,1113027,1094352,528564,290386,95307,7265,323,5915,0.5806048239993202,0.05270960283211536,3171675.0,4995946.0,0.6348497361660834,134.0,325.0,370276.0,133.0,430.0,325467.0,73912.0,251555.0,7,Jul,2023,658
2023-07-16,132.0,505.0,7432735,4300015,1115932,1087951,529766,291838,92842,7529,419,6443,0.5790258449304175,0.05286999218452493,3167830.0,5004048.0,0.6330534799026708,133.0,326.0,362627.0,132.0,424.0,301422.0,65331.0,236091.0,7,Jul,2023,665
2023-07-23,134.0,459.0,7451177,4296324,1119867,1096176,537914,296416,92110,7959,301,4110,0.5769149116021113,0.05328084197443101,3156542.0,5015288.0,0.6293839954953734,132.0,320.0,352173.0,132.0,430.0,288096.0,59739.0,228357.0,7,Jul,2023,672
2023-07-30,134.0,504.0,7519425,4328870,1135682,1107524,545290,296293,93268,7447,279,4772,0.5760572045043197,0.05286830942160603,3172401.0,5041435.0,0.629265476992166,133.0,318.0,354769.0,133.0,429.0,307012.0,68444.0,238568.0,7,Jul,2023,679
2023-08-06,133.0,503.0,7381005,4241734,1117554,1093649,531832,292033,91057,7947,264,4935,0.5750669394406507,0.05305006595653241,3105042.0,4937696.0,0.6288443030919684,134.0,327.0,350304.0,132.0,424.0,300946.0,68466.0,232480.0,8,Aug,2023,686
2023-08-13,134.0,500.0,7510938,4320310,1111390,1123833,550928,295586,94371,8580,275,5665,0.5756366224120029,0.05313757407625279,3168391.0,5051627.0,0.6272020875650558,133.0,326.0,346388.0,133.0,427.0,301442.0,66815.0,234627.0,8,Aug,2023,693
2023-08-20,134.0,505.0,7523693,4357869,1078337,1124478,556951,292382,97138,8724,278,7536,0.5798001558509223,0.053022043046732525,3201916.0,5079744.0,0.6303301898678358,133.0,331.0,334828.0,131.0,429.0,288428.0,65610.0,222818.0,8,Aug,2023,700
2023-08-27,134.0,505.0,7571933,4360284,1093762,1138081,569123,294185,101907,9573,741,4277,0.5761736527136011,0.05370302244182346,3204687.0,5119528.0,0.625973136586029,133.0,331.0,327584.0,131.0,427.0,268153.0,58043.0,210110.0,8,Aug,2023,707
2023-09-03,135.0,477.0,7643999,4349831,1121653,1171832,589306,296593,99564,9344,266,5610,0.569469687914559,0.053122065398868795,3191959.0,5134822.0,0.6216299221277778,133.0,329.0,274778.0,133.0,440.0,238374.0,55087.0,183287.0,9,Sep,2023,714
2023-09-10,134.0,514.0,7633090,4359254,1096311,1181720,587538,293054,99008,10202,254,5749,0.5715299735517266,0.052773043712087866,3194789.0,5137522.0,0.6218540767319342,133.0,311.0,344668.0,132.0,455.0,317639.0,71764.0,245875.0,9,Sep,2023,721
2023-09-17,133.0,539.0,7615892,4358133,1071771,1189983,583987,293120,100285,10812,248,7553,0.572810044347393,0.053160749014995255,3162032.0,5064370.0,0.6243682827281577,133.0,327.0,351444.0,132.0,444.0,319969.0,70772.0,249197.0,9,Sep,2023,728
2023-09-24,134.0,542.0,7678179,4383024,1090328,1209443,585523,289229,101983,11288,232,7129,0.5713721068171893,0.052500244425469786,3236900.0,5206405.0,0.6217149837555856,133.0,329.0,347288.0,131.0,441.0,287913.0,58315.0,229598.0,9,Sep,2023,735
2023-10-01,134.0,544.0,7632202,4340804,1088526,1226785,570327,287225,101711,10302,269,6253,0.569214926561927,0.05238784051663603,3171046.0,5112435.0,0.620261382296303,133.0,332.0,349812.0,132.0,447.0,317672.0,68681.0,248991.0,10,Oct,2023,742
2023-10-08,134.0,517.0,7654104,4378549,1082204,1257463,530185,286785,102653,11714,334,4217,0.5723678009884329,0.05248260529861421,3212055.0,5154333.0,0.6231756853893607,132.0,307.0,339849.0,131.0,459.0,282856.0,58255.0,224601.0,10,Oct,2023,749
2023-10-15,134.0,548.0,7596210,4339136,1111133,1239520,503558,284180,101373,11842,305,5163,0.5716123217258436,0.052390664950434374,3154898.0,5063193.0,0.6231044323216595,133.0,331.0,352696.0,131.0,454.0,325062.0,71759.0,253303.0,10,Oct,2023,756
2023-10-22,135.0,550.0,7684148,4387867,1126226,1262093,504981,284506,102211,11541,304,4419,0.5713570101236645,0.05189792504396965,3175470.0,5095425.0,0.6232002237301109,134.0,334.0,352809.0,132.0,456.0,329277.0,71593.0,257684.0,10,Oct,2023,763
2023-10-29,135.0,546.0,7669726,4376729,1123673,1267891,504425,279614,100805,11458,308,4823,0.5710090525607434,0.05116633569922542,3169043.0,5075801.0,0.6243434287514423,133.0,333.0,334906.0,131.0,454.0,303727.0,67346.0,236381.0,10,Oct,2023,770
2023-11-05,135.0,553.0,7651817,4365631,1138074,1250317,503879,277330,99661,11330,283,5312,0.5709315563123283,0.050821126776219985,3149624.0,5035231.0,0.6255172801406728,134.0,329.0,349956.0,132.0,456.0,317130.0,70077.0,247053.0,11,Nov,2023,777
2023-11-12,135.0,519.0,7595680,4331537,1149443,1224384,502289,274155,96416,12178,300,4978,0.5706372085216888,0.050462921611202756,3114610.0,4977186.0,0.6257772966491507,134.0,311.0,357318.0,133.0,454.0,333657.0,73751.0,259906.0,11,Nov,2023,784
2023-11-19,135.0,519.0,7528535,4291223,1127740,1223557,501955,271758,94397,12646,321,4938,0.5703685351567874,0.05039105629926749,3055608.0,4875070.0,0.6267823846631946,133.0,299.0,358255.0,133.0,412.0,330949.0,71189.0,259760.0,11,Nov,2023,791
2023-11-26,135.0,520.0,7557888,4315831,1119992,1240878,503956,268857,91047,12529,328,4470,0.5713745750599265,0.0493499763947924,3058307.0,4863084.0,0.6288822072577813,134.0,323.0,355977.0,132.0,426.0,329143.0,70093.0,259050.0,11,Nov,2023,798
2023-12-03,134.0,557.0,7464330,4266843,1126518,1204153,501567,263349,85974,10791,302,4833,0.5720014365579877,0.0483163945236522,3003610.0,4770054.0,0.629680502568734,133.0,331.0,346728.0,132.0,465.0,322316.0,70832.0,251484.0,12,Dec,2023,805
2023-12-10,135.0,529.0,7550597,4311431,1133537,1224935,517238,261794,84372,11632,514,5144,0.5713945869121443,0.04748714225640263,3035012.0,4826036.0,0.6288830004583472,133.0,312.0,343737.0,132.0,461.0,333755.0,76440.0,257315.0,12,Dec,2023,812
2023-12-17,133.0,557.0,7434135,4239392,1112008,1212303,519697,251439,81829,11467,308,5692,0.5706972510928603,0.0464488991838532,2950028.0,4691117.0,0.6288540660998223,133.0,333.0,345389.0,132.0,464.0,322136.0,71587.0,250549.0,12,Dec,2023,819
2023-12-24,133.0,520.0,7496888,4271426,1112672,1225797,538195,250606,81533,11736,332,4591,0.5701090066237363,0.04594145160022354,2976726.0,4728809.0,0.6294874671402461,131.0,310.0,321761.0,129.0,458.0,268893.0,57371.0,211522.0,12,Dec,2023,826
2023-12-31,134.0,554.0,7563432,4224814,1135895,1264509,588377,244084,88308,13025,334,4086,0.5588861787778996,0.045738215977943066,2964418.0,4799952.0,0.617593259265926,133.0,324.0,153581.0,130.0,394.0,115252.0,24982.0,90270.0,12,Dec,2023,833
2024-01-07,135.0,514.0,7537450,4190217,1102701,1278285,614611,241243,90587,14548,324,4934,0.5562838499115037,0.04602738314794154,2951096.0,4797354.0,0.6151507685278176,134.0,327.0,257417.0,133.0,452.0,214819.0,47295.0,167524.0,1,Jan,2024,840
2024-01-14,132.0,572.0,7339088,4086715,1068552,1257596,589044,230658,85349,14850,386,5938,0.557293250513081,0.04517062926573164,2885415.0,4692453.0,0.6149054662881014,133.0,332.0,359708.0,133.0,463.0,329106.0,72593.0,256513.0,1,Jan,2024,847
2024-01-21,135.0,571.0,7564302,4208849,1100243,1310761,593378,237778,86779,15424,390,10700,0.5571976124768024,0.045060753796665486,2969028.0,4820150.0,0.6159617439291308,134.0,337.0,369269.0,133.0,469.0,335081.0,72829.0,262252.0,1,Jan,2024,854
2024-01-28,135.0,571.0,7545063,4213097,1093442,1303621,593802,237248,83002,14684,380,5787,0.5588198389341363,0.044475623388771014,2961364.0,4792562.0,0.6179083337889004,135.0,335.0,369069.0,134.0,466.0,333975.0,73410.0,260565.0,1,Jan,2024,861
2024-02-04,132.0,572.0,7469926,4178504,1080613,1283478,589830,235027,79705,14286,2742,5741,0.5598071323259003,0.04444691550383598,2932010.0,4734995.0,0.6192213508145203,133.0,338.0,372257.0,132.0,467.0,330483.0,73764.0,256719.0,2,Feb,2024,868
2024-02-11,134.0,523.0,7451683,4180180,1078704,1288421,576587,234232,75441,12722,318,5078,0.5613537981402263,0.0433369300506741,2931610.0,4715533.0,0.6216921819866387,134.0,332.0,375177.0,134.0,471.0,334552.0,75179.0,259373.0,2,Feb,2024,875
2024-02-18,135.0,566.0,7466843,4187700,1086879,1294596,571087,235063,73075,12338,326,5779,0.561273834402171,0.04299681653983936,2940021.0,4729823.0,0.6215921822021669,134.0,324.0,349368.0,133.0,458.0,299756.0,68791.0,230965.0,2,Feb,2024,882
2024-02-25,135.0,521.0,7487495,4208433,1094884,1283547,576115,236748,70017,11463,314,5974,0.5625103505022575,0.04257717113939799,2944761.0,4723310.0,0.6234528328650882,132.0,308.0,365973.0,130.0,450.0,329613.0,74109.0,255504.0,2,Feb,2024,889
2024-03-03,134.0,518.0,7438528,4186151,1105626,1244313,579252,240229,66645,9896,271,6145,0.563231335091316,0.0426567091604402,2936192.0,4700312.0,0.6246802339929775,131.0,323.0,353650.0,130.0,444.0,302474.0,68116.0,234358.0,3,Mar,2024,896
2024-03-10,135.0,549.0,7485908,4234984,1108047,1255716,566800,243901,62237,9233,218,4772,0.56608835877332,0.04218463613012783,2966092.0,4720094.0,0.628396807351718,132.0,323.0,356650.0,131.0,449.0,323223.0,74187.0,249036.0,3,Mar,2024,903
2024-03-17,135.0,543.0,7490590,4240029,1109210,1249711,572267,248124,57080,8167,219,5783,0.5664847470348935,0.041896871889949866,2969254.0,4734406.0,0.627165055130464,133.0,321.0,360330.0,130.0,430.0,314992.0,73998.0,240994.0,3,Mar,2024,910
2024-03-24,135.0,519.0,7488689,4241884,1109922,1245513,572468,254437,51887,6421,184,5973,0.5668909524295723,0.04182024281023094,2973995.0,4736871.0,0.6278395590675786,134.0,296.0,354164.0,134.0,452.0,319327.0,73674.0,245653.0,3,Mar,2024,917
2024-03-31,135.0,508.0,7504893,4219014,1119717,1256634,584154,270189,45621,4882,174,4508,0.5625063246753333,0.04277993729655211,2965146.0,4759128.0,0.6230439693994362,134.0,295.0,283784.0,134.0,437.0,241761.0,56918.0,184843.0,3,Mar,2024,924
2024-04-07,135.0,510.0,7515955,4196103,1128750,1262967,598354,274071,45687,5504,179,4340,0.5586152911191534,0.04332503729224674,2956286.0,4762088.0,0.6207961717633106,134.0,286.0,277159.0,133.0,437.0,235237.0,56920.0,178317.0,4,Apr,2024,931
2024-04-14,133.0,503.0,7438367,4149513,1110887,1253388,601301,267991,46791,5507,191,2798,0.558062604220336,0.04310093820661203,2935842.0,4746764.0,0.6184933567373478,134.0,294.0,340065.0,133.0,442.0,296694.0,69136.0,227558.0,4,Apr,2024,938
2024-04-21,134.0,424.0,7407262,4135851,1097375,1249438,598839,268080,47728,5541,197,4213,0.5586685972225768,0.04343426607064198,2907485.0,4693060.0,0.6195286231158349,135.0,289.0,362621.0,134.0,386.0,324312.0,72013.0,252299.0,4,Apr,2024,945
2024-04-28,135.0,506.0,7456563,4209271,1095994,1237058,592172,267536,47715,4827,163,1827,0.5646438720298076,0.042958060486649026,2955093.0,4724960.0,0.6254218025126138,134.0,291.0,375864.0,133.0,458.0,330618.0,75187.0,255431.0,4,Apr,2024,952
2024-05-05,135.0,510.0,7512696,4338110,1013103,1242370,597731,264520,48706,4793,133,3230,0.5776855504772244,0.04236679412357683,3031889.0,4753780.0,0.6377848785597987,134.0,289.0,372305.0,133.0,452.0,336828.0,76359.0,260469.0,5,May,2024,959
2024-05-12,135.0,550.0,7529958,4380150,971060,1249656,605799,262612,51159,5079,140,4303,0.5820290725524888,0.042387008174039335,3060094.0,4764885.0,0.6422178079848727,134.0,313.0,301163.0,133.0,453.0,273257.0,63276.0,209981.0,5,May,2024,966
2024-05-19,135.0,504.0,7476141,4353256,959759,1241915,598204,262580,50973,4984,166,4304,0.5826219174749128,0.04265390157734972,3044986.0,4736070.0,0.6429351762115002,134.0,316.0,376504.0,133.0,426.0,330668.0,73769.0,256899.0,5,May,2024,973
2024-05-26,135.0,547.0,7543166,4401989,971339,1249934,594962,265155,51723,4522,161,3381,0.583834817571058,0.04264856358636221,3076556.0,4779277.0,0.6437283296197311,134.0,290.0,371638.0,133.0,404.0,321188.0,69909.0,251279.0,5,May,2024,980
2024-06-02,135.0,441.0,7562448,4378945,988979,1265116,605001,261550,53857,4022,121,4857,0.5794101586074187,0.042281991708733646,3070140.0,4787788.0,0.6412439314355607,135.0,291.0,285234.0,133.0,439.0,240850.0,56692.0,184158.0,6,Jun,2024,987
2024-06-09,135.0,506.0,7558281,4380484,996349,1272144,585006,260125,55412,4239,118,4404,0.5798987725111224,0.04234831994219657,3080397.0,4804829.0,0.6411043972636695,134.0,287.0,365646.0,132.0,450.0,333868.0,74948.0,258920.0,6,Jun,2024,994
2024-06-16,134.0,568.0,7592741,4401825,1013316,1271693,582389,258123,56143,4056,113,5083,0.5801295999371611,0.04196749510850384,3091502.0,4817394.0,0.6417374206884469,135.0,293.0,371438.0,133.0,464.0,331682.0,74717.0,256965.0,6,Jun,2024,1001
2024-06-23,135.0,582.0,7634764,4436692,1023142,1267373,582191,256886,57283,3703,151,7343,0.5816765588263714,0.041694696018483836,3110163.0,4834966.0,0.6432647096173996,135.0,294.0,360662.0,132.0,471.0,319225.0,73669.0,245556.0,6,Jun,2024,1008
2024-06-30,135.0,549.0,7618920,4423501,1095783,1198752,580381,254171,57639,2536,104,6053,0.5810558623971758,0.04130506943047869,3101948.0,4825738.0,0.6427924599304811,134.0,292.0,355341.0,133.0,474.0,312812.0,68642.0,244170.0,6,Jun,2024,1015
2024-07-07,135.0,572.0,7587146,4406218,1127936,1157181,578044,253876,56288,2838,111,4654,0.5811042069018998,0.04129420776177541,3106560.0,4844665.0,0.6412331915622649,134.0,286.0,357867.0,134.0,454.0,324063.0,73803.0,250260.0,7,Jul,2024,1022
2024-07-14,135.0,580.0,7627322,4422078,1144503,1163945,578983,255302,54248,3169,118,4976,0.5801465847916114,0.041042088616811676,3100094.0,4835204.0,0.6411506112255037,135.0,295.0,364808.0,135.0,478.0,328376.0,76195.0,252181.0,7,Jul,2024,1029
2024-07-21,134.0,587.0,7603341,4392485,1148007,1164398,580770,252696,54316,3331,149,7189,0.57825133041045,0.04087490613668605,3088818.0,4837116.0,0.638566038110312,134.0,292.0,344716.0,135.0,478.0,322091.0,73735.0,248356.0,7,Jul,2024,1036
2024-07-28,134.0,586.0,7548921,4365752,1138956,1154898,576199,248777,53329,3199,145,7666,0.5789158435830641,0.040503868387953994,3071826.0,4807564.0,0.6389568604806926,135.0,292.0,363926.0,135.0,476.0,323019.0,74902.0,248117.0,7,Jul,2024,1043
2024-08-04,133.0,571.0,7538558,4374007,1112371,1172068,573683,248829,50502,3098,94,3906,0.5805187817566093,0.040150892171264184,3082070.0,4813339.0,0.6403184982399951,134.0,285.0,352001.0,134.0,465.0,305170.0,69835.0,235335.0,8,Aug,2024,1050
2024-08-11,135.0,579.0,7623876,4455085,1086911,1193884,578633,250674,49408,3567,93,5621,0.584790742761958,0.039870285255613,3138623.0,4870928.0,0.6443583235063216,135.0,291.0,347646.0,134.0,471.0,311490.0,72950.0,238540.0,8,Aug,2024,1057
2024-08-18,135.0,580.0,7597353,4433454,1086113,1191842,580713,247755,48579,3730,88,5079,0.5839428345183538,0.03953387351404862,3125840.0,4860704.0,0.6430838002067191,134.0,292.0,338316.0,135.0,464.0,312705.0,72566.0,240139.0,8,Aug,2024,1064
2024-08-25,134.0,575.0,7548906,4390216,1088258,1190210,580503,244832,47142,3634,88,4023,0.5818799310738152,0.039191595151309835,3098983.0,4836020.0,0.640812693082328,134.0,292.0,336050.0,134.0,478.0,305882.0,71341.0,234541.0,8,Aug,2024,1071
2024-09-01,133.0,588.0,7563803,4351960,1114085,1209065,595147,241902,43674,3381,79,4510,0.5757099241952918,0.03823585089240489,3071139.0,4838261.0,0.6347609192641737,135.0,293.0,277770.0,134.0,440.0,239820.0,58482.0,181338.0,9,Sep,2024,1078
2024-09-08,135.0,590.0,7616988,4361002,1135246,1227312,601107,242581,41062,3783,100,4795,0.5728969299648603,0.03777176958072398,3072591.0,4867080.0,0.6313006977489584,135.0,294.0,356373.0,135.0,525.0,329924.0,76295.0,253629.0,9,Sep,2024,1085
2024-09-15,134.0,588.0,7605219,4377782,1101779,1233350,596022,240990,37148,3771,101,14276,0.5767112202001781,0.03715085200876887,3082087.0,4852682.0,0.6351306349766995,135.0,293.0,358252.0,135.0,518.0,327779.0,73637.0,254142.0,9,Sep,2024,1092
2024-09-22,134.0,514.0,7543197,4325776,1110215,1235836,592138,239988,31508,3640,89,4007,0.5737719834624144,0.03650591111246699,3043983.0,4820280.0,0.6314950583783515,135.0,292.0,355134.0,135.0,465.0,330982.0,74088.0,256894.0,9,Sep,2024,1099
2024-09-29,135.0,555.0,7575655,4343082,1145537,1227466,587589,240339,23328,2828,82,5404,0.5737038309561995,0.03521375975512569,3055030.0,4839884.0,0.631219673859952,135.0,293.0,364130.0,135.0,501.0,339868.0,76709.0,263159.0,9,Sep,2024,1106
2024-10-06,135.0,519.0,7556851,4366406,1136097,1239053,547438,236688,23765,2665,91,4648,0.578163219394394,0.034851949821793723,3070111.0,4829503.0,0.6356991599342624,135.0,293.0,370869.0,135.0,492.0,342939.0,78041.0,264898.0,10,Oct,2024,1113
2024-10-13,134.0,578.0,7486799,4335071,1129530,1240043,517761,231505,24720,2581,91,5497,0.5794540843291716,0.03460587475281709,3040187.0,4778309.0,0.6362474674618155,134.0,293.0,371780.0,134.0,509.0,345243.0,78541.0,266702.0,10,Oct,2024,1120
2024-10-20,135.0,581.0,7542429,4368663,1136851,1255397,519217,230322,24400,2607,105,4867,0.5795856803565927,0.034153483579969224,3058713.0,4806949.0,0.6363106827220343,134.0,290.0,374072.0,134.0,450.0,340088.0,73114.0,266974.0,10,Oct,2024,1127
2024-10-27,134.0,568.0,7496563,4334398,1121808,1261171,522259,227073,22569,2585,110,4590,0.5785389242593373,0.033680980964560334,3030153.0,4771468.0,0.6350567582136147,133.0,291.0,367389.0,133.0,499.0,331955.0,73265.0,258690.0,10,Oct,2024,1134
2024-11-03,134.0,581.0,7492864,4344897,1106858,1266433,522495,224533,20793,2360,116,4379,0.5802104163926348,0.033091072493301385,3055301.0,4792265.0,0.6375484243880504,134.0,293.0,349031.0,133.0,520.0,307037.0,72071.0,234966.0,11,Nov,2024,1141
2024-11-10,134.0,583.0,7516391,4353001,1126089,1247947,525134,222846,22360,2440,128,16446,0.5804043896321907,0.03303677560302109,3048251.0,4790961.0,0.6362504307590898,135.0,293.0,371193.0,134.0,490.0,352321.0,79546.0,272775.0,11,Nov,2024,1148
2024-11-17,134.0,588.0,7511817,4358197,1117210,1251211,524940,218862,22105,2415,132,16745,0.5814750011741048,0.032489881351373276,3050286.0,4784044.0,0.6375957244540393,135.0,295.0,375287.0,134.0,527.0,347209.0,78865.0,268344.0,11,Nov,2024,1155
2024-11-24,134.0,555.0,7444371,4344310,1094464,1250472,517381,213958,19896,2245,132,1513,0.5836884164658254,0.03173928617205917,3041588.0,4757189.0,0.6393666511883384,134.0,294.0,371073.0,134.0,521.0,342400.0,76631.0,265769.0,11,Nov,2024,1162
2024-12-01,133.0,586.0,7422435,4327195,1109143,1220148,517898,212174,15979,1983,123,17792,0.5843894162081819,0.031096570084472676,3019383.0,4719839.0,0.6397216091481086,134.0,294.0,361945.0,134.0,515.0,338289.0,76477.0,261812.0,12,Dec,2024,1169
2024-12-08,135.0,591.0,7520797,4382031,1112170,1233872,525755,211569,19705,5486,118,30091,0.5849957267045323,0.031622920456362856,3046440.0,4751930.0,0.6410953023297902,133.0,290.0,359144.0,135.0,525.0,349534.0,79941.0,269593.0,12,Dec,2024,1176
2024-12-15,133.0,587.0,7373039,4321047,1082965,1221387,523353,202608,16115,1841,109,3614,0.5863479172391333,0.029944398647112902,2998903.0,4673827.0,0.6416375702395489,134.0,294.0,361113.0,134.0,523.0,347577.0,78799.0,268778.0,12,Dec,2024,1183
2024-12-22,132.0,536.0,7299814,4284471,1064195,1208234,525292,198696,13862,1644,109,3311,0.587195126213201,0.029371741504115055,2964754.0,4616600.0,0.642194255512715,134.0,293.0,359013.0,134.0,504.0,328604.0,72782.0,255822.0,12,Dec,2024,1190
2024-12-29,135.0,593.0,7464708,4307899,1105281,1257792,572850,198939,14903,1848,140,5056,0.577493293252822,0.02893298507758807,2997071.0,4737577.0,0.632616841900406,135.0,290.0,166973.0,135.0,459.0,123283.0,26002.0,97281.0,12,Dec,2024,1197
2025-01-05,131.0,586.0,7197852,4147768,1039386,1237592,558684,190478,16433,1930,138,5443,0.5766868930840835,0.02905549448036117,2893356.0,4577031.0,0.6321469092081745,132.0,291.0,231170.0,130.0,493.0,195291.0,45171.0,150120.0,1,Jan,2025,1204
2025-01-12,134.0,593.0,7464830,4290227,1076024,1306344,569160,196198,18597,2046,150,6084,0.5751941412135498,0.029092155705530125,2982842.0,4736020.0,0.6298203977179151,134.0,293.0,369815.0,134.0,526.0,340069.0,75888.0,264181.0,1,Jan,2025,1211
2025-01-19,134.0,595.0,7453238,4296022,1076246,1297264,564085,193306,18770,2034,106,5405,0.5768150279416845,0.02876219163345902,2987187.0,4728792.0,0.6317019230281222,134.0,294.0,382879.0,134.0,518.0,355574.0,78086.0,277488.0,1,Jan,2025,1218
2025-01-26,134.0,592.0,7429433,4293659,1071315,1287159,561933,192414,17142,1834,90,3887,0.5782280521863308,0.028480060590830625,2983199.0,4708775.0,0.6335403581610929,134.0,294.0,383061.0,133.0,523.0,348800.0,77436.0,271364.0,1,Jan,2025,1225
2025-02-02,134.0,594.0,7419420,4297711,1071507,1273357,563184,193579,14181,1708,115,4078,0.5795701668244027,0.028263430061620895,2991023.0,4707247.0,0.6354081270857467,134.0,294.0,387196.0,134.0,522.0,341895.0,75754.0,266141.0,2,Feb,2025,1232
2025-02-09,133.0,594.0,7378609,4283158,1072646,1249185,560199,191182,15861,1873,119,4386,0.5808283801561195,0.028346715308175518,2952918.0,4633822.0,0.6372532220702478,133.0,301.0,391042.0,133.0,515.0,358745.0,81310.0,277435.0,2,Feb,2025,1239
2025-02-16,134.0,588.0,7409871,4306653,1089224,1252881,550235,189037,16070,1741,115,3915,0.5815120964801843,0.02794548063747611,2961418.0,4637563.0,0.6385720258678965,134.0,319.0,387356.0,134.0,530.0,351956.0,79427.0,272529.0,2,Feb,2025,1246
2025-02-23,134.0,596.0,7409138,4305692,1098083,1239500,553186,190447,15311,1608,112,5199,0.5815407177179607,0.028022651186078114,2967924.0,4644303.0,0.6390461604249336,134.0,317.0,361362.0,134.0,522.0,314869.0,75234.0,239635.0,2,Feb,2025,1253
2025-03-02,134.0,595.0,7394900,4304632,1125025,1203554,553717,190294,12375,1397,114,3792,0.5824068597022259,0.027625086793482113,2952040.0,4609013.0,0.6404928777592946,134.0,316.0,381842.0,133.0,525.0,344603.0,79140.0,265463.0,3,Mar,2025,1260
2025-03-09,134.0,591.0,7392471,4323387,1114072,1211349,538341,189131,13330,1367,149,1345,0.584942943740913,0.027597554148041853,2958986.0,4600501.0,0.6431877745489024,134.0,318.0,383826.0,134.0,529.0,351797.0,81550.0,270247.0,3,Mar,2025,1267
2025-03-16,132.0,582.0,7207894,4225253,1083893,1171472,525132,184202,12552,1269,133,3988,0.5865225059849476,0.02750674425790675,2902706.0,4499995.0,0.645046494496105,134.0,308.0,380177.0,132.0,520.0,341373.0,77290.0,264083.0,3,Mar,2025,1274
2025-03-23,134.0,595.0,7404874,4345983,1115991,1197802,540603,187630,11246,1144,127,4348,0.5872532574035954,0.027044969506221584,2983802.0,4615681.0,0.6464489205384861,134.0,315.0,382355.0,133.0,520.0,339151.0,77777.0,261374.0,3,Mar,2025,1281
2025-03-30,134.0,594.0,7421687,4360885,1118253,1197917,546709,184576,7359,947,123,4918,0.5879763816292513,0.026022787011433145,3000916.0,4634605.0,0.6475019985521959,133.0,316.0,366067.0,132.0,527.0,321504.0,74926.0,246578.0,3,Mar,2025,1288
2025-04-06,134.0,584.0,7432531,4374637,1112257,1202136,549940,180067,7880,935,127,4552,0.5889404103054142,0.025445548513263163,3015872.0,4651712.0,0.6483359244940358,133.0,315.0,380578.0,133.0,531.0,328939.0,75011.0,253928.0,4,Apr,2025,1295
2025-04-13,134.0,597.0,7428980,4378613,1104907,1201924,549176,179464,9283,976,125,4512,0.5897544443588416,0.025570586336960438,3043530.0,4702255.0,0.6472490326449757,134.0,315.0,381420.0,134.0,525.0,335894.0,77677.0,258217.0,4,Apr,2025,1302
2025-04-20,134.0,541.0,7433612,4356183,1108219,1210217,556233,187367,10432,1001,117,3843,0.5863147293004668,0.026772972349476815,3027688.0,4695980.0,0.6447403949761286,132.0,311.0,296284.0,134.0,520.0,257167.0,58671.0,198496.0,4,Apr,2025,1309
2025-04-27,134.0,577.0,7406330,4318276,1107615,1218605,554414,191996,10246,1049,111,4018,0.5833685475564931,0.027478171684738498,3009848.0,4694729.0,0.6411121919923386,134.0,318.0,304779.0,134.0,528.0,276940.0,63170.0,213770.0,4,Apr,2025,1316
2025-05-04,134.0,572.0,7400935,4410992,1022234,1209134,549333,193973,10227,1035,113,3894,0.5963184467951441,0.02776083031039033,3053289.0,4678859.0,0.6525712785959141,134.0,280.0,386895.0,134.0,529.0,346999.0,78497.0,268502.0,5,May,2025,1323
2025-05-11,134.0,593.0,7352691,4420799,958548,1207266,553756,191929,12556,1041,108,6688,0.6017965143765936,0.027992637628925555,3066442.0,4665031.0,0.6573251067356252,134.0,274.0,322283.0,134.0,517.0,289138.0,65347.0,223791.0,5,May,2025,1330
2025-05-18,133.0,560.0,7316478,4419182,944531,1198208,543374,191380,13218,1182,251,5152,0.6044296205640399,0.028179703654302928,3062872.0,4646637.0,0.6591588712438695,133.0,281.0,395370.0,134.0,498.0,354761.0,79053.0,275708.0,5,May,2025,1337
2025-05-25,134.0,526.0,7295739,4408724,942843,1197342,536455,192963,12443,1095,310,3564,0.6045828576522094,0.028360674284421315,3079121.0,4673787.0,0.6588064453942809,134.0,281.0,385344.0,134.0,500.0,346846.0,77334.0,269512.0,5,May,2025,1344
2025-06-01,134.0,603.0,7338890,4416974,959949,1210559,544938,192493,11157,1019,114,1687,0.6019969735061167,0.02791022682621702,3094432.0,4713308.0,0.6565308271812493,134.0,284.0,303193.0,134.0,495.0,257137.0,60379.0,196758.0,6,Jun,2025,1351
2025-06-08,134.0,606.0,7348715,4421630,966648,1222009,523972,192016,13130,1057,117,8136,0.6023543919355681,0.02810677468357741,3093296.0,4705721.0,0.6573479388174522,134.0,282.0,384837.0,133.0,502.0,348078.0,79675.0,268403.0,6,Jun,2025,1358
2025-06-15,134.0,608.0,7321681,4407162,971188,1212028,517478,191979,14178,1030,120,6518,0.6024694186582035,0.02833935484417777,3086088.0,4699234.0,0.6567214997167623,134.0,281.0,390968.0,134.0,498.0,352387.0,80105.0,272282.0,6,Jun,2025,1365
2025-06-22,134.0,599.0,7350120,4427029,983407,1211255,515633,192114,13934,1013,106,5629,0.602768660210762,0.02820712830882358,3105311.0,4728894.0,0.6566674998424579,132.0,280.0,383503.0,131.0,499.0,349006.0,76512.0,272494.0,6,Jun,2025,1372
2025-06-29,134.0,604.0,7323800,4424571,1030949,1144492,512496,191300,11720,891,129,7252,0.6047347738305004,0.02788746824322071,3093010.0,4696662.0,0.6585549481738306,134.0,281.0,377699.0,132.0,496.0,340856.0,75525.0,265331.0,6,Jun,2025,1379
2025-07-06,134.0,559.0,7350396,4441508,1079215,1105006,513014,191752,12033,922,122,6824,0.6048157490659859,0.0278922845721401,3115185.0,4734001.0,0.6580448546588815,133.0,270.0,380716.0,132.0,492.0,338471.0,74433.0,264038.0,7,Jul,2025,1386
2025-07-13,134.0,604.0,7385187,4466114,1096795,1098257,514358,191629,13164,952,127,3791,0.6050500474436001,0.027890659165285266,3136709.0,4774617.0,0.6569551023673731,132.0,280.0,374356.0,133.0,500.0,334675.0,76587.0,258088.0,7,Jul,2025,1393
2025-07-20,133.0,554.0,7272891,4385971,1087729,1081520,509222,187427,13580,958,90,6394,0.6035880837768185,0.02780638318573585,3076238.0,4690366.0,0.6558631032205162,133.0,282.0,378771.0,133.0,502.0,333027.0,73035.0,259992.0,7,Jul,2025,1400
2025-07-27,133.0,606.0,7313541,4413015,1093325,1086995,511182,187589,13378,1076,131,6850,0.6039690196287212,0.02766970712186953,3094314.0,4714438.0,0.6563484343202731,132.0,282.0,375325.0,132.0,503.0,320809.0,69755.0,251054.0,7,Jul,2025,1407
2025-08-03,133.0,577.0,7315816,4408483,1093399,1093310,511912,187200,12473,1082,118,7839,0.6032425936753769,0.027486813382143923,3095205.0,4722937.0,0.6553559787056232,133.0,279.0,363218.0,132.0,484.0,303389.0,66343.0,237046.0,8,Aug,2025,1414
2025-08-10,133.0,603.0,7316830,4398066,1094328,1105233,509344,187009,13679,1174,137,7860,0.6017354018418464,0.02763713628596095,3089295.0,4727686.0,0.6534475851399606,133.0,298.0,361991.0,133.0,496.0,324217.0,73704.0,250513.0,8,Aug,2025,1421
2025-08-17,133.0,597.0,7288432,4364142,1092339,1108812,512982,185260,14938,1176,144,8639,0.5994871008008057,0.02768183106305358,3067236.0,4715505.0,0.6504575861970245,133.0,284.0,359911.0,133.0,500.0,320638.0,71633.0,249005.0,8,Aug,2025,1428
2025-08-24,133.0,606.0,7321622,4401637,1078278,1111998,519541,186076,15060,1335,160,7537,0.6018028229094958,0.02770421727393105,3089655.0,4736385.0,0.652323449212849,133.0,279.0,346635.0,132.0,498.0,310181.0,69271.0,240910.0,8,Aug,2025,1435
2025-08-31,133.0,583.0,7291327,4377316,1050427,1123415,533340,183949,12952,1330,138,8460,0.6010429683804469,0.027237762271369228,3080092.0,4725766.0,0.6517656608473632,133.0,277.0,284821.0,133.0,448.0,246571.0,56145.0,190426.0,8,Aug,2025,1442
2025-09-07,133.0,570.0,7320612,4389830,1054896,1135398,532322,182618,14890,1431,141,9086,0.6003986035199765,0.027228242093374214,3082295.0,4737025.0,0.6506815986827176,133.0,288.0,371576.0,133.0,504.0,336161.0,74093.0,262068.0,9,Sep,2025,1449
2025-09-14,133.0,572.0,7294491,4394778,1023783,1137969,531253,180501,16240,1482,101,8384,0.6031723113591387,0.027219473993450823,3080612.0,4715633.0,0.6532764530233799,130.0,277.0,366193.0,132.0,466.0,332097.0,74507.0,257590.0,9,Sep,2025,1456
2025-09-21,133.0,602.0,7318476,4414199,1028662,1142321,527711,179127,16132,1577,113,8634,0.603870644536503,0.026942990012643227,3094193.0,4727459.0,0.6545150365132728,133.0,316.0,375847.0,132.0,495.0,330887.0,71594.0,259293.0,9,Sep,2025,1463
2025-09-28,133.0,573.0,7268350,4377132,1031057,1136853,522300,176199,14072,1459,112,9166,0.6029785165936006,0.026427488268653886,3064707.0,4688985.0,0.6535971004385811,131.0,310.0,370634.0,132.0,505.0,337583.0,73604.0,263979.0,9,Sep,2025,1470
2025-10-05,132.0,606.0,7229630,4395968,991127,1164046,482162,172263,13795,1292,115,8862,0.6087950755376713,0.02596191984010565,3059841.0,4647094.0,0.6584418133138689,129.0,308.0,374048.0,130.0,497.0,332737.0,73691.0,259046.0,10,Oct,2025,1477
2025-10-12,131.0,552.0,7107905,4315572,976984,1164945,448186,168732,15022,1412,73,16979,0.6086048564038039,0.026123386423719554,3006544.0,4564454.0,0.6586864496827003,131.0,326.0,368467.0,132.0,472.0,337920.0,73833.0,264087.0,10,Oct,2025,1484
2025-10-19,132.0,571.0,7150315,4345123,1008577,1150813,443226,166354,14594,1477,109,20042,0.6093908325810246,0.02559986132368284,3009117.0,4561307.0,0.6597049924506287,131.0,354.0,376904.0,131.0,490.0,346390.0,74641.0,271749.0,10,Oct,2025,1491
2025-10-26,131.0,567.0,7211925,4380374,1045867,1137729,445235,165772,13930,1554,242,21222,0.6091718709561499,0.025240647541693768,3034749.0,4591825.0,0.6609025823065993,131.0,358.0,370528.0,130.0,506.0,331817.0,72790.0,259027.0,10,Oct,2025,1498
2025-11-02,132.0,591.0,7216035,4383576,1048683,1146060,451909,163461,11781,1466,129,8970,0.6082331712007593,0.024536617888141706,3040968.0,4606451.0,0.6601542054827024,132.0,357.0,348902.0,131.0,491.0,302052.0,68390.0,233662.0,11,Nov,2025,1505
2025-11-09,130.0,598.0,7065872,4289336,1047513,1104300,443637,157613,12562,1438,147,9326,0.6078520567994596,0.024340520135488382,2969742.0,4502802.0,0.6595319980758647,130.0,450.0,365484.0,129.0,510.0,341565.0,76297.0,265268.0,11,Nov,2025,1512
2025-11-16,130.0,565.0,7039817,4282676,1036790,1099389,441918,154859,12373,1497,129,10186,0.6092319781792245,0.024020890996981206,2981967.0,4514086.0,0.6605915350305688,131.0,485.0,372705.0,130.0,511.0,340378.0,73897.0,266481.0,11,Nov,2025,1519
2025-11-23,131.0,600.0,7131870,4343779,1043707,1117207,448904,155087,11544,1500,148,9994,0.6099206164218529,0.023628465308859634,3013333.0,4560346.0,0.6607685030916514,130.0,489.0,367348.0,131.0,502.0,334586.0,70733.0,263853.0,11,Nov,2025,1526
2025-11-30,131.0,601.0,7106838,4333966,1061566,1097284,443718,150708,8624,1197,124,9651,0.6106596881271411,0.022636151478043345,3004139.0,4537920.0,0.6620079243353784,131.0,488.0,358029.0,131.0,501.0,339873.0,74406.0,265467.0,11,Nov,2025,1533
2025-12-07,131.0,596.0,7062456,4312392,1047902,1096810,441287,146552,9162,1354,299,6698,0.6111876286006408,0.022303344304042173,2998713.0,4518436.0,0.6636617183467908,130.0,488.0,354020.0,130.0,501.0,344399.0,75867.0,268532.0,12,Dec,2025,1540
2025-12-14,131.0,597.0,7026967,4294890,1032871,1096613,441671,142730,8492,1232,257,8211,0.611916128727085,0.021757559316779213,2976223.0,4480904.0,0.6642014647044435,131.0,489.0,351532.0,131.0,497.0,341891.0,74286.0,267605.0,12,Dec,2025,1547
2025-12-21,131.0,585.0,6994688,4277524,1020286,1097984,445874,140936,6383,1192,201,4308,0.61191580429104,0.02127380771860757,2950381.0,4439915.0,0.6645129467568636,131.0,467.0,349121.0,130.0,488.0,317499.0,69060.0,248439.0,12,Dec,2025,1554
2025-12-28,131.0,594.0,7045814,4247808,1036517,1129754,479596,140327,6582,1254,184,3792,0.6032085670848515,0.021065966564716782,2945013.0,4472449.0,0.6584788334087208,131.0,481.0,188702.0,131.0,457.0,141855.0,27690.0,114165.0,12,Dec,2025,1561
2026-01-04,133.0,605.0,7224219,4329475,1042091,1179943,514302,141720,7655,1405,175,7453,0.5999189941865927,0.02091726404874427,3004107.0,4589979.0,0.6544925368939597,132.0,474.0,205523.0,132.0,461.0,175974.0,36743.0,139231.0,1,Jan,2026,1568
2026-01-11,133.0,603.0,7201590,4312890,1038840,1179222,512538,140259,9081,1456,182,7122,0.5994730951614491,0.020985290364763595,2987011.0,4565280.0,0.6542886745172257,130.0,484.0,356400.0,132.0,494.0,330864.0,70949.0,259915.0,1,Jan,2026,1575
2026-01-18,133.0,604.0,7180066,4312243,1034259,1171811,505790,138463,9366,1480,166,6488,0.6011286139218114,0.0208368822364516,2983010.0,4543717.0,0.6565131587200523,132.0,488.0,374829.0,132.0,503.0,343717.0,71221.0,272496.0,1,Jan,2026,1582
2026-01-25,133.0,605.0,7186185,4333508,1034164,1177601,487697,136815,8613,1496,167,6124,0.6035475186074325,0.02048603765344055,3000585.0,4550105.0,0.6594540125997093,132.0,498.0,381575.0,132.0,495.0,347838.0,71999.0,275839.0,1,Jan,2026,1589
2026-02-01,133.0,604.0,7168396,4342538,1032854,1177623,467085,133368,6312,1447,141,7028,0.6063838640885373,0.01972639864338769,2994143.0,4512317.0,0.6635489040331165,133.0,487.0,376553.0,133.0,493.0,339897.0,70152.0,269745.0,2,Feb,2026,1596
2026-02-08,133.0,600.0,7142103,4332412,1036275,1164471,462129,131436,7733,1445,173,6029,0.6071142199478312,0.019728915367189296,2986536.0,4492392.0,0.6647986195327568,130.0,493.0,367466.0,131.0,495.0,337556.0,70487.0,267069.0,2,Feb,2026,1603
2026-02-15,133.0,610.0,7156543,4369191,1040420,1159438,443912,128762,8262,1417,147,4994,0.6109433075268029,0.019378738787918532,3013322.0,4498974.0,0.6697798209102787,133.0,494.0,373221.0,133.0,501.0,341670.0,69328.0,272342.0,2,Feb,2026,1610
2026-02-22,133.0,590.0,7110726,4344433,1044008,1138736,442564,125498,7965,1437,152,5933,0.6114791803223543,0.019008576323054027,3012104.0,4485965.0,0.6714506243361239,133.0,486.0,339135.0,133.0,489.0,301088.0,62434.0,238654.0,2,Feb,2026,1617
2026-02-22,,,7200504,4402428,1056627,1150915,447915,127081,8014,1439,152,5933,,,,,,,,,,,,,,2,Feb,2026,1617
